<?xml version="1.0" encoding="UTF-8"?>

<!DOCTYPE struts PUBLIC
        "-//Apache Software Foundation//DTD Struts Configuration 2.3//EN"
        "http://struts.apache.org/dtds/struts-2.3.dtd">

<struts>
    <constant name="struts.devMode" value="true" />

    <package name="helloworld" extends="struts-default">

    <default-action-ref name="index" />
    <action name="index">
        <result>/index.jsp</result>
    </action>

        <action name="hello" class="helloworld.action.HelloWorldAction" method="execute">
            <result name="success">/HelloWorld.jsp</result>
        </action>
    </package>

</struts>