<?xml version="1.0" encoding="UTF-8"?>

<!-- The core configuration file for the framework is the default (struts.xml) file
and should reside on the classpath of the webapp (generally /WEB-INF/classes). -->

<!DOCTYPE struts PUBLIC
    "-//Apache Software Foundation//DTD Struts Configuration 2.0//EN"
    "http://struts.apache.org/dtds/struts-2.0.dtd">

<struts>

  <!-- devMode equals debug information and reload everything for every request -->
  <constant name="struts.devMode" value="true" />
  <constant name="struts.ui.theme" value="simple" />

  <package name="hey" extends="struts-default">
	
	<default-action-ref name="index" />
	
	<global-results>
		<result name="error">/error.jsp</result>
	</global-results>

	<!-- all exceptions not caught by the application will lead to error.jsp -->
	<global-exception-mappings>
		<exception-mapping exception="java.lang.Exception" result="error" />
	</global-exception-mappings>

	<!-- 'index' action leads to the view provided by index.jsp -->

    <action name="index">
      <result>/index.jsp</result>
    </action>


	<!-- 'login' action calls 'execute' in 'LoginAction' -->
    <action name="login" class="hey.action.LoginAction" method="execute">
      <result name="success">/menu.jsp</result>
      <result name="login">/index.jsp</result>
    </action>

      <action name="registo" class="hey.action.RegisterAction" method="execute">
         <result name="success">/index.jsp</result>
         <result name="login">/index.jsp</result>
     </action>

    <action name="logout">
        <result>/index.jsp</result>
    </action>

    <action name="searchmusic" class="hey.action.SearchMusicAction" method="execute">
        <result name="success">/mostrainfo.jsp</result>
        <!--<result name="notsearch">/menu.jsp</result>-->
    </action>

      <action name="search">
          <result>/showmusic.jsp</result>
      </action>




    <action name="menu">
        <result>/menu.jsp</result>
    </action>


    <action name="teste">
        <result>/registo.jsp</result>
    </action>

    <action name="makeEditor">
        <result>/</result>
    </action>


  </package>

</struts>